customer_id,full_name,email,country_code,registered_at
1,Hanife Gute-Scheuermann,hermann-josefhering@example.org,NL,2020-09-25
2,Monika Kraus,scholzadelheid@example.org,NL,2023-08-02
3,Robby Zirme B.Eng.,nstoll@example.org,FR,2023-12-04
4,Prof. Gunther Carsten,moechlichenmaik@example.com,GB,2020-05-12
5,Kristiane Albers,xhaase@example.net,CH,2020-09-08
6,Karen Gumprich MBA.,klemtflorian@example.org,FR,2021-05-14
7,Lilija Gierschner B.A.,doerschneranatolij@example.org,FR,2024-01-11
8,Frau Valeska Löffler,fechnerlorenzo@example.net,CH,2020-01-18
9,Genoveva Ernst-Preiß,ygute@example.org,AT,2025-06-12
10,Heinz-Willi Hertrampf MBA.,nikolaustaesche@example.com,IT,2020-06-22
11,Paul-Heinz Trupp-Schinke,edithalange@example.org,NL,2020-10-26
12,Claudio Hübel,hans-dieterlange@example.org,PL,2021-10-06
13,Patricia Ortmann,milenahertrampf@example.org,PL,2023-01-28
14,Univ.Prof. Arnd Otto,aldo90@example.com,AT,2021-11-03
15,Heiderose Kallert-Kuhl,xliebelt@example.net,GB,2020-10-14
16,Herr Viktor Köhler,cwinkler@example.org,BE,2022-08-25
17,Univ.Prof. Osman Jockel B.Sc.,heinz-juergen36@example.com,FR,2023-09-23
18,Thilo Mangold,ehertrampf@example.net,NL,2022-06-29
19,Rebecca Müller,suzannehertrampf@example.com,GB,2022-06-22
20,Univ.Prof. Sabine Schmidt,karl-wernerkramer@example.net,GB,2025-10-08
21,Cosima Kramer B.Eng.,muratadolph@example.net,FR,2023-01-08
22,Wiebke Gröttner,lisaschwital@example.com,ES,2025-08-03
23,Univ.Prof. Nina Trapp,ruedigerkaul@example.net,NL,2023-05-27
24,Birger Otto,abdullahpreiss@example.com,FR,2025-09-19
25,Prof. Rene Martin,joseweiss@example.net,CH,2023-07-19
26,Kristina Radisch B.Eng.,joanabaerer@example.org,BE,2022-08-13
27,Klaus Dieter Beckmann,lindaukrzysztof@example.com,CH,2024-09-27
28,Cornelia Wernecke,krokerrochus@example.org,GB,2022-04-02
29,Galina Eckbauer B.A.,staesche@example.com,ES,2023-07-23
30,Ing. Fatih Hänel,vinko96@example.org,AT,2024-01-28
31,Univ.Prof. Christa-Maria Bruder B.A.,apreiss@example.org,PL,2022-10-21
32,Frau Gerhild Sölzer B.Sc.,evelin09@example.com,AT,2023-07-10
33,Centa Ernst,kruschwitzarnd@example.org,BE,2022-11-29
34,Prof. Piotr Hornich B.A.,sbohlander@example.com,ES,2021-12-14
35,Boris Neureuther B.A.,karl-august51@example.net,NL,2021-09-07
36,Univ.Prof. Hans D. Söding,weimerhalina@example.org,DE,2021-01-25
37,Conrad Ritter-Christoph,werneranica@example.net,IT,2023-03-24
38,Ing. Sönke Zänker,elisabetschlosser@example.net,PL,2021-05-15
39,Paula Bloch,mara63@example.com,DE,2021-07-11
40,Claus-Dieter Oestrovsky,heinrichpierre@example.net,NL,2020-10-28
41,Prof. Helfried Wagner B.Sc.,paulinageisel@example.com,FR,2023-03-05
42,Frauke Schacht,sauerrobert@example.org,ES,2022-07-23
43,Dr. Wieslaw Atzler,marcella84@example.com,PL,2021-01-19
44,Dipl.-Ing. Ricarda Briemer B.Sc.,gottlob95@example.com,AT,2025-08-24
45,Rosa Beer,nhiller@example.org,BE,2024-08-29
46,Necati Steuer-Bähr,joana66@example.net,PL,2021-12-08
47,Prof. Hansjürgen Bloch,immoseifert@example.com,FR,2021-05-24
48,Heinz-Joachim Adolph,gutknechtfrancisco@example.org,GB,2025-05-09
49,Anna-Marie Hermighausen,claudiawieloch@example.com,BE,2021-04-07
50,Vlado Seifert,paffrathriza@example.com,DE,2020-08-17
51,Prof. Eric Karge,eeigenwillig@example.net,ES,2020-10-09
52,Joanna Freudenberger,jasminruppersberger@example.com,CH,2021-10-09
53,Heinz-Josef Schmidtke,selmagerlach@example.org,FR,2024-01-17
54,Dr. Siegmar Striebitz B.Eng.,gabriellaplath@example.net,CH,2024-04-16
55,Erik Hendriks,heidemarietlustek@example.com,BE,2023-05-13
56,Erol Hermann,kristiane95@example.com,GB,2021-08-10
57,Robert Schottin,bendersueleyman@example.org,CH,2022-09-06
58,Vincenzo Binner B.Eng.,juergensteckel@example.com,PL,2020-02-01
59,Cristina van der Dussen,ercan25@example.com,CH,2021-03-18
60,Katerina Heß,torbenbluemel@example.org,DE,2023-01-07
61,Dr. Leander Budig MBA.,klemtthekla@example.com,AT,2023-03-11
62,Prof. Cosimo Zahn B.Sc.,baumhanns@example.org,DE,2021-11-21
63,Ludwina Hertrampf,seidelabdul@example.com,CH,2020-12-20
64,Frau Marta Vogt,aleksandra68@example.com,BE,2024-10-03
65,Gabriella Trub,manja14@example.net,NL,2022-01-26
66,Vittorio Beer,jovanjunk@example.net,AT,2020-11-14
67,Susan Jäntsch,heinimargraf@example.net,NL,2023-10-13
68,Kurt Weimer,curt61@example.net,AT,2020-02-24
69,Jeannine Wieloch,yloos@example.com,CH,2024-05-02
70,Prof. Necati Reinhardt B.Sc.,rocco31@example.net,IT,2022-05-19
71,Natalie Niemeier B.Eng.,textoralois@example.org,GB,2024-10-15
72,Manfred Ehlert,bgroettner@example.net,DE,2025-08-05
73,Albin Eberhardt,heinz-josef31@example.org,NL,2023-08-28
74,Claudia Ernst,hans-d61@example.com,ES,2021-07-27
75,Dipl.-Ing. Magda Dietz,heusertuelay@example.net,CH,2022-08-02
76,Siglinde Vogt,katarzynahoefig@example.net,PL,2021-01-19
77,Petros Schleich,hermannwilhelm@example.com,NL,2021-02-03
78,Lilo Nette,milenawinkler@example.net,FR,2022-08-10
79,Elisa Otto B.Eng.,valerijhoelzenbecher@example.org,DE,2021-08-14
80,Josephine Eckbauer,elfriedeklapp@example.net,FR,2024-05-22
81,Enver Röhricht,jzaenker@example.net,BE,2020-01-02
82,Mirjana Zimmer,ysalz@example.org,IT,2020-02-02
83,Frau Hildegunde Mielcarek,carstenadelbert@example.org,PL,2020-09-30
84,Ing. Drago Drewes B.A.,ina42@example.net,NL,2025-10-03
85,Balthasar Schmiedt B.Sc.,andrei34@example.com,CH,2022-11-06
86,Heinz-Willi Seip,wolf-dieter89@example.com,ES,2021-11-09
87,Birgitta Beyer,herlinde83@example.org,BE,2025-05-05
88,Univ.Prof. Ivanka Fröhlich,brit28@example.net,DE,2022-08-11
89,Alan auch Schlauchin,gerhard26@example.org,CH,2020-07-31
90,Wally Steinberg,marta52@example.net,GB,2022-10-18
91,Ottmar Rogner,antonio56@example.org,CH,2025-05-29
92,Herr Diethard Schottin,muelichenreinhold@example.com,GB,2024-08-17
93,Gundula Scheel-Segebahn,gheser@example.org,NL,2022-12-28
94,Anto Hesse-Stiffel,adolphpatrik@example.com,AT,2022-08-31
95,Prof. Burkhardt Schleich B.Eng.,ryszard22@example.net,AT,2021-02-06
96,Yasemin Tintzmann,roggeanastasia@example.net,AT,2022-03-25
97,Fabian Langern-Pruschke,josephjaehn@example.com,CH,2023-04-07
98,Severin Kaul,noackherbert@example.com,IT,2025-07-16
99,Jakob Jacobi Jäckel,lianepatberg@example.org,CH,2021-01-29
100,Rose-Marie Zorbach B.Sc.,camilla25@example.net,CH,2024-07-22
101,Antonino Austermühle,isabellawaehner@example.org,NL,2023-11-02
102,Mario Pruschke MBA.,tschuster@example.org,CH,2021-11-04
103,Laurenz Hartmann,filizlosekann@example.org,FR,2021-01-25
104,Evamaria Schlosser B.Sc.,jacobi-jaeckelbirger@example.net,PL,2020-04-11
105,Prof. Hans-Peter Köhler MBA.,karstenruppersberger@example.com,ES,2025-12-07
106,Murat Beckmann-Zirme,christine58@example.org,BE,2025-09-01
107,Univ.Prof. Elsa Gierschner,woldemar16@example.net,FR,2023-07-05
108,Wanda auch Schlauchin,wolf08@example.org,IT,2020-04-04
109,Dörthe Gerlach,freudenbergerannemarie@example.org,AT,2022-07-20
110,Friedl Kreusel,rolf-dieter24@example.com,ES,2021-05-30
111,Czeslaw Rogge,rmitschke@example.net,CH,2024-02-04
112,Myriam Schüler,matthiasrosenow@example.org,AT,2025-11-16
113,Janko Kuhl,lottimosemann@example.org,PL,2024-04-02
114,Robert Stroh,xkabus@example.com,IT,2024-07-10
115,Galina Hande,cichoriushelmar@example.net,DE,2022-02-07
116,Carolina Henschel-Trub,vhein@example.org,GB,2021-07-27
117,Otmar Blümel,schuchhardtwerner@example.com,DE,2021-10-30
118,Imelda Kambs,gnatzgalina@example.net,ES,2025-06-01
119,Prof. Steffi Seifert,rjuncken@example.net,FR,2021-06-07
120,Ilias Roskoth-Köster,valentinenette@example.com,NL,2023-12-12
121,Dipl.-Ing. Mohammad Pohl,mschenk@example.com,NL,2024-07-22
122,Lotti Mitschke B.Sc.,rbeer@example.com,ES,2021-08-21
123,Hagen Niemeier,kranzsoeren@example.com,NL,2020-07-04
124,Carl Ziegert B.Sc.,wreuter@example.org,NL,2020-12-17
125,Klaus-Ulrich Weinhage-Graf,valentinehartmann@example.com,NL,2020-03-03
126,Melita Bonbach,wilmshans-willi@example.org,ES,2021-08-21
127,Prof. Edward Hamann B.Sc.,victorhettner@example.com,PL,2022-12-31
128,Gesine Kallert,klaus-guenterbachmann@example.net,AT,2023-11-04
129,Denis Salz,hamannludwina@example.com,CH,2022-05-27
130,Gertraud Gotthard,pkaester@example.com,DE,2025-06-25
131,Univ.Prof. Jeannine Austermühle MBA.,hermighausenantonina@example.net,ES,2020-10-07
132,Babett Baum,xtrub@example.net,NL,2025-12-29
133,Diethard Köhler,paolo95@example.net,BE,2022-04-17
134,Trude Weimer,reinhardt29@example.org,FR,2025-08-29
135,Selma Renner,christophgordana@example.com,IT,2020-08-11
136,Miodrag Gutknecht,kaulreiner@example.com,FR,2021-11-17
137,Herr Severin Eigenwillig B.Eng.,pgeisel@example.org,IT,2022-11-25
138,Corina Kostolzin,alena22@example.net,AT,2024-12-04
139,Matthäus Bolander,antoniojaekel@example.com,ES,2023-12-29
140,Ansgar Etzler-Hövel,claire43@example.com,FR,2022-01-12
141,Falko Herrmann,mdowerg@example.org,FR,2024-10-05
142,Herr Marcel Schäfer,malteniemeier@example.com,NL,2023-01-22
143,Leopold Wulf-Heintze,suzannelorch@example.net,IT,2023-11-10
144,Hermine Gunpf,wheidrich@example.com,BE,2024-05-30
145,Oliver Harloff,wilhelmine73@example.org,AT,2024-09-16
146,Dieter Beckmann,joergenmaelzer@example.org,BE,2020-08-07
147,Denny Bachmann,diethardebert@example.org,NL,2020-08-01
148,Alberto Ullrich,lucie55@example.org,IT,2023-10-14
149,Lina Biggen-Lorch,walfriedgunpf@example.net,AT,2023-12-09
150,Ulrike Buchholz,halil44@example.net,PL,2020-05-12
151,Micha Gute B.Sc.,karina39@example.com,IT,2020-12-09
152,Sinaida Röhrdanz,nweinhage@example.org,ES,2020-04-14
153,Dipl.-Ing. Rolf-Peter Dussen van,hansgeorgehlert@example.org,BE,2025-04-29
154,Frau Lieschen Hettner,ziegertimmo@example.org,PL,2024-05-26
155,Mike Schmiedt,mstiebitz@example.com,CH,2025-04-08
156,Natalija Rust,anna-marie72@example.net,IT,2023-12-14
157,Valeri Weller,pweitzel@example.net,NL,2025-03-03
158,Theobald Ernst,segebahnchristof@example.org,IT,2025-02-14
159,Prof. Calogero Pruschke MBA.,luisa04@example.com,NL,2021-07-31
160,Susann Scheuermann,boucseindorle@example.org,GB,2024-04-30
161,Grazyna Eigenwillig,eugeniazahn@example.com,CH,2022-12-20
162,Waltraut Geisler B.Eng.,gundel33@example.net,IT,2022-05-14
163,Doris Schmidt,wagenknechtmaike@example.com,NL,2025-12-09
164,Ibrahim Holsten-Seifert,valerij23@example.net,GB,2022-08-03
165,Johannes Mies,alfonso50@example.com,GB,2021-01-30
166,Kristine Conradi,reinerwesack@example.net,BE,2024-11-15
167,Prof. Hans-Gerd Gude,marinabarth@example.net,FR,2020-11-15
168,Frau Lissi Lübs B.Eng.,lwulf@example.net,NL,2024-02-20
169,Leonardo Carsten,lsager@example.net,ES,2023-02-19
170,Ing. Gotthard Dobes B.Sc.,zobelgottfried@example.net,FR,2022-01-28
171,Tamara Rose,luciehein@example.net,ES,2024-01-22
172,Gernot Harloff,dstaude@example.com,DE,2020-06-26
173,Dr. Klaus-Werner Christoph,kranzhans-erich@example.net,ES,2023-09-19
174,Eggert Roskoth-Loos,marcella11@example.org,IT,2022-10-26
175,Dr. Dörthe Pärtzelt B.Sc.,kuhlistvan@example.net,FR,2022-06-27
176,Dr. Solveig Römer B.Eng.,mschacht@example.com,CH,2021-06-14
177,Brigitta Weimer B.A.,ryszardmitschke@example.com,IT,2022-02-23
178,Martine Kramer,constantin98@example.org,NL,2021-10-26
179,Prof. Marina Reinhardt B.Sc.,bstiebitz@example.net,FR,2020-06-26
180,Volkmar Davids MBA.,bnaser@example.org,NL,2021-11-30
181,Falko Reichmann,igeissler@example.net,ES,2021-11-28
182,Hannchen Seip,herta19@example.net,NL,2025-05-21
183,Frau Norma Gumprich MBA.,iweinhold@example.org,DE,2022-09-06
184,Cosima Hiller,evangelos37@example.com,AT,2023-11-29
185,Luka Zirme,rzimmer@example.net,PL,2021-05-03
186,Arndt Säuberlich,preissserpil@example.net,PL,2022-09-13
187,Irmhild Beier,mudehans-gerhard@example.org,FR,2022-06-13
188,Galina Beier-Gröttner,chantal79@example.net,DE,2025-01-08
189,Alwine Gutknecht-Scheuermann,ortmannannett@example.org,PL,2021-11-04
190,Univ.Prof. Reinhardt Mülichen,erik78@example.org,IT,2023-11-04
191,Angelo Weitzel-Rädel,renehein@example.org,CH,2022-02-28
192,Marek Fechner-Bärer,karl-heinz57@example.org,PL,2023-04-02
193,Käthi Jessel B.Sc.,uschweitzer@example.org,BE,2025-09-24
194,Dorothea Seidel,marcelatzler@example.org,FR,2025-11-11
195,Heinz-Gerd Peukert-Anders,anne-katrin66@example.net,IT,2023-02-27
196,Univ.Prof. Antonios Kaul B.A.,klothildedoerr@example.org,NL,2024-08-22
197,Heidrun Beier,heiderose44@example.org,BE,2020-08-30
198,Univ.Prof. Andrey Hörle B.Sc.,schmiedeckenora@example.com,PL,2024-06-08
199,Gerard Pärtzelt,misicherhellmut@example.org,PL,2021-02-26
200,Marlen Dobes,wilhelmine84@example.com,GB,2020-08-09
201,Theodor Schacht MBA.,mohammedsegebahn@example.net,GB,2024-08-11
202,Sybille Wirth,hschuchhardt@example.net,IT,2020-02-14
203,Prof. Alois Börner,moritzpergande@example.com,FR,2024-06-20
204,Till Schacht MBA.,mgierschner@example.com,DE,2025-02-19
205,Francesca Zirme,aeberhardt@example.net,AT,2020-05-27
206,Heide Herrmann,kunibertjaehn@example.net,IT,2020-10-08
207,Klaus Peter Birnbaum-Boucsein,lucia95@example.net,AT,2021-08-29
208,Dr. Nuri Losekann,hassanbiggen@example.net,GB,2020-05-23
209,Gotthilf Becker,qmeister@example.net,DE,2023-02-26
210,Juergen Hauffer MBA.,jolanthesalz@example.com,DE,2025-09-04
211,Herr Gunnar Bloch B.Sc.,brudereileen@example.net,NL,2025-02-25
212,Valentin Spieß,ognatz@example.net,IT,2024-10-21
213,Salvatore Scheibe,nicolausmargraf@example.net,ES,2023-06-20
214,Fernando Kusch-Gutknecht,yjaentsch@example.com,PL,2022-03-21
215,Jasmin Zirme,janinneuschaefer@example.net,GB,2025-06-12
216,Hans-Gerhard Hande-Sager,qspiess@example.com,GB,2024-06-09
217,Fatma Jäkel,hansjoerg42@example.com,IT,2020-10-27
218,Anika Hübel,lsteinberg@example.org,FR,2023-10-26
219,Hans-Wilhelm Gierschner,ddietz@example.net,AT,2023-12-02
220,Herr Alex Rörricht MBA.,apostolosdoering@example.org,NL,2022-09-08
221,Prof. Dörthe Scheel B.Eng.,heide-marieheser@example.net,NL,2022-10-27
222,Berta Dietz-Dussen van,ngerlach@example.net,CH,2021-08-20
223,Claus Röhrdanz,ingridkaul@example.org,IT,2022-07-08
224,Herr Hans-Dietrich Kambs,erdogan13@example.net,BE,2023-02-05
225,Helga Schomber,markushoevel@example.com,ES,2022-04-17
226,Kazim Kusch,kaesterelke@example.org,CH,2024-03-30
227,Senol Klapp,hans-friedrichloewer@example.com,CH,2022-12-18
228,Hans-Walter Gorlitz,ymuehle@example.com,BE,2023-11-01
229,Dr. Liesbeth Nette,erkan19@example.net,NL,2021-04-25
230,Ing. Christa-Maria Martin MBA.,austermuehledina@example.com,NL,2020-05-07
231,Antonios Sager,birnbaumsimon@example.com,PL,2022-08-19
232,Margot Kraus,rennerevamaria@example.org,CH,2023-09-28
233,Heinz Dieter Mentzel,maryeigenwillig@example.net,ES,2020-07-05
234,Frau Susana Heß B.Sc.,biggenrichard@example.org,IT,2020-04-09
235,Lena Bolzmann-Junitz,hellahecker@example.net,FR,2023-01-10
236,Steffi Schaaf,plathjens-peter@example.net,IT,2020-02-22
237,Gundolf Staude,orhanschuster@example.net,BE,2025-11-14
238,Hellmuth Mülichen,urbandietz@example.org,GB,2020-06-16
239,Elzbieta Geisler-Weinhage,wulfrosl@example.com,NL,2023-05-02
240,Petros Keudel B.Eng.,geislerlambert@example.org,CH,2024-11-06
241,Rabea Bohlander-Bohlander,radischelvira@example.com,BE,2025-05-29
242,Vinzenz Benthin,philipjacobi-jaeckel@example.com,GB,2021-06-22
243,Annegrete Ditschlerin,hellasontag@example.com,BE,2022-04-30
244,Mirko Rogner B.A.,zbigniew80@example.org,CH,2024-10-02
245,Harry Jähn-Trapp,andrew68@example.net,AT,2021-06-19
246,Heide-Marie Krebs-Graf,eimerklaus-michael@example.com,PL,2024-06-26
247,Prof. Lea Striebitz,henkniklas@example.com,FR,2020-01-19
248,Frithjof Heidrich,dorotakreusel@example.net,BE,2025-03-10
249,Prof. Theodora Lindner B.Sc.,hartmuth01@example.net,PL,2021-07-20
250,Janusz Junck,junckserpil@example.net,DE,2021-10-02
251,Helma Grein Groth,dhande@example.net,AT,2021-07-23
252,Frau Violetta Tröst,zdravkokensy@example.org,ES,2025-06-18
253,Ing. Joana Lindau,heikeflantz@example.org,BE,2020-03-11
254,Jaqueline Steuer,dusan93@example.net,AT,2022-03-26
255,Karl Heinz Vogt,robinhentschel@example.net,ES,2020-09-13
256,Siegrun Gute MBA.,emilhein@example.net,DE,2024-07-24
257,Veronica Bohnbach MBA.,carminekoehler@example.com,GB,2023-11-14
258,Aziz Geißler,marko07@example.com,PL,2022-11-28
259,Univ.Prof. Miroslaw Lindau B.A.,ylindner@example.org,IT,2022-05-05
260,Celal Briemer,wagnergretchen@example.net,DE,2021-03-13
261,Mechtild Juncken,nermin05@example.org,GB,2021-04-23
262,Dr. Adrian Berger B.Eng.,qschinke@example.com,ES,2021-05-26
263,Univ.Prof. Rosalinde Möchlichen,lambertthanel@example.net,NL,2025-08-16
264,Ortrun Briemer,dippelheino@example.com,IT,2023-10-18
265,Albina Segebahn,bkraushaar@example.com,CH,2023-03-07
266,Rainer Lorch,qhaering@example.com,CH,2022-10-26
267,Dogan Jessel,elma66@example.org,GB,2021-09-09
268,Univ.Prof. Jane Bolnbach,soenke72@example.net,DE,2022-12-16
269,Isa Gotthard,fischerantonios@example.net,NL,2024-10-27
270,Selma Henck,zdoerschner@example.com,DE,2020-08-13
271,Elsa Börner,hesserosel@example.org,DE,2022-04-13
272,Ira Drubin,nsalz@example.com,ES,2021-10-22
273,Kerstin Atzler-Eigenwillig,kensyadeline@example.org,PL,2020-12-08
274,Herr Ilias Anders B.A.,franca81@example.org,FR,2020-10-27
275,Freia Röhricht,romanatroest@example.org,PL,2022-07-08
276,Univ.Prof. Knud Dietz,tomislav90@example.org,IT,2024-04-08
277,Rolf-Dieter Putz,davidklingelhoefer@example.net,CH,2020-05-18
278,Herr Hasso Baum B.Sc.,lili60@example.com,BE,2020-09-17
279,Antonina Binner,zdoehn@example.com,DE,2022-01-06
280,Ing. Dominic Fliegner B.Sc.,anne32@example.net,NL,2025-05-28
281,Prof. Isabell Patberg B.Sc.,rosenowmaria-luise@example.com,FR,2024-09-28
282,Tilmann Wernecke B.A.,selim63@example.org,FR,2020-01-12
283,Antje Käster,janepreiss@example.com,AT,2025-08-15
284,Nora Jacob,frankeheinz-willi@example.org,BE,2025-07-17
285,Knut Stey B.Eng.,camillaseip@example.net,CH,2024-09-04
286,Mariusz Gude,smuelichen@example.net,IT,2022-11-01
287,Jeannine Heser,imangold@example.com,IT,2025-10-03
288,Liliana Hamann,januszschmidt@example.net,ES,2023-09-01
289,Ioannis Heydrich,amans@example.org,AT,2023-12-29
290,Dipl.-Ing. Karl-Friedrich Heintze MBA.,patric66@example.com,PL,2023-01-14
291,Dusan Fiebig-Reising,drogge@example.net,FR,2024-06-08
292,Hendrik Drub-Gerlach,ghuebel@example.net,PL,2020-07-08
293,Prof. Wenke Lachmann,kpruschke@example.net,CH,2024-02-20
294,Walther Rosemann,joergbohnbach@example.net,ES,2024-09-14
295,Gottlieb Herrmann-Keudel,anatolisiering@example.org,PL,2021-03-26
296,Dr. Leonie Kensy,thorsten98@example.org,AT,2025-03-16
297,Arndt Langern,sjunck@example.org,AT,2020-01-06
298,Ing. Dorota Bolander,magnus30@example.com,CH,2021-07-05
299,Prof. Gunda Gierschner B.Sc.,jgnatz@example.org,CH,2020-12-19
300,Helen Christoph-Gnatz,oderwaldcosimo@example.org,CH,2023-12-21
301,Kata Holzapfel,xluebs@example.com,PL,2021-09-13
302,Claus Misicher,hartmannangelica@example.net,AT,2021-12-28
303,Fanny Mühle,klaus-juergenheintze@example.net,DE,2024-02-08
304,Therese Juncken B.Sc.,jacek16@example.org,PL,2025-05-04
305,Dipl.-Ing. Ricardo Dobes,valerijladeck@example.net,NL,2024-08-24
306,Traute Schulz,roemerharry@example.com,CH,2020-10-13
307,Dagobert Drub-Preiß,filippohettner@example.net,ES,2022-07-29
308,Anja Nette,matthias72@example.net,FR,2024-03-25
309,Kay-Uwe Gieß-Zorbach,caroline61@example.net,GB,2024-02-25
310,Miodrag Fischer,adrianahornig@example.net,GB,2024-06-15
311,Korinna Hendriks,fbien@example.net,GB,2021-09-06
312,Karl-Jürgen Hering,andersmarta@example.org,CH,2020-11-18
313,Sieglinde Gutknecht MBA.,esiering@example.org,ES,2020-09-29
314,Anton Martin,juergen74@example.com,DE,2023-04-28
315,Marieluise Schmidtke,tmargraf@example.org,ES,2020-07-07
316,Tomasz Rörricht,heide-marie69@example.org,NL,2023-12-27
317,Edgar Trüb-Anders,haufferhermine@example.com,FR,2024-07-09
318,Karl-Peter Ruppersberger,suse55@example.com,IT,2020-12-28
319,Rafael Atzler-Fiebig,kobeltconrad@example.net,CH,2024-12-16
320,Magret Köster-Tintzmann,oliver89@example.org,AT,2023-10-31
321,Traugott Kuhl,hans-gerd12@example.net,CH,2021-07-17
322,Harm Blümel,hornichrobin@example.com,BE,2025-12-19
323,Meik Heintze,textorcharles@example.net,PL,2024-07-05
324,Lisette Klemt-Graf,marleen31@example.net,DE,2022-12-30
325,Slavica Trupp,ingelore26@example.org,FR,2024-10-19
326,Olaf Lübs-Röhricht,vogtinka@example.net,NL,2025-06-22
327,Thaddäus Liebelt B.Sc.,kadeluciano@example.org,AT,2022-02-25
328,Emanuel Drewes,fhoefig@example.com,FR,2021-06-15
329,Bela Gorlitz,mangoldstilla@example.org,GB,2020-08-12
330,Zoltan Kobelt,kuehnertgerlinde@example.org,BE,2025-03-17
331,Christina Heß-Heinrich,dehmellidwina@example.org,GB,2023-02-07
332,Antonius Mies-Möchlichen,uheinz@example.net,AT,2021-09-17
333,Cilly Bolnbach MBA.,stollartur@example.com,CH,2021-06-26
334,Laura Hartung,heseranneke@example.com,CH,2025-03-13
335,Univ.Prof. Hans-Bernd Römer,klaus-deberhardt@example.net,BE,2020-06-02
336,Dipl.-Ing. Necati Römer MBA.,barthconrad@example.net,ES,2025-02-20
337,Ing. Mehmet Mentzel,hoelzenbecheremma@example.com,IT,2021-03-22
338,Diethard Schuster,lwinkler@example.org,ES,2023-11-08
339,Heinz-Werner Heinz B.Eng.,saeuberlichjose@example.org,GB,2025-08-11
340,Steve Hettner,gwende@example.com,DE,2025-11-06
341,Dipl.-Ing. Thies Bohnbach,feigenwillig@example.net,GB,2021-08-07
342,Ramazan Junken,ekrebs@example.org,NL,2020-05-11
343,Nurten Eckbauer B.A.,evamariaknappe@example.net,DE,2025-01-11
344,Dr. Heinz-Jürgen Mude,abdulbohlander@example.net,IT,2021-08-21
345,Raisa Rogge,schustercarl@example.org,CH,2025-06-04
346,Johanne Lehmann-Austermühle,patberginken@example.com,CH,2020-11-06
347,Joachim Huhn,ldavids@example.net,DE,2022-09-01
348,Hagen Schulz,tjopich@example.net,IT,2022-07-03
349,Anne-Marie Kühnert,striebitztelse@example.net,PL,2021-11-06
350,Thorsten Wagner-Schmiedecke,carl-heinz00@example.net,IT,2023-04-14
351,Toni Ziegert,ringeditha@example.com,IT,2021-05-11
352,Marko Köhler,janett76@example.org,AT,2020-02-25
353,Franka Vogt-Hande,kunigundebudig@example.com,BE,2022-09-26
354,Brian Bärer-Otto,hans-wolfgang34@example.net,NL,2023-08-12
355,Dipl.-Ing. Severin Pohl,utegutknecht@example.net,AT,2024-11-21
356,Vanessa Rose,ynaser@example.com,DE,2024-06-25
357,Pascal Naser,utzkruschwitz@example.org,ES,2020-05-17
358,Anastasios Trüb,ttrubin@example.org,CH,2025-10-30
359,Fatma Berger-Plath,herrmannhenryk@example.org,GB,2021-05-05
360,Dina Kambs,ikostolzin@example.com,ES,2025-05-15
361,Greta Hentschel,hziegert@example.com,ES,2022-06-01
362,Zenon Matthäi,ykuhl@example.net,ES,2022-10-31
363,Herr Recep Walter,lholsten@example.com,DE,2020-05-11
364,Lilli Lehmann-Junck,steve44@example.net,NL,2023-11-08
365,Dunja Speer,erwin01@example.org,IT,2021-11-21
366,Klaus-Michael Kruschwitz,fwesack@example.com,GB,2023-03-16
367,Erna Köster B.A.,pmueller@example.org,FR,2025-12-24
368,Leonhard Wulff,leberth@example.net,PL,2024-04-26
369,Valentin Schlosser,frankarenner@example.net,CH,2024-11-11
370,Marianna Jäntsch,druppert@example.org,DE,2020-01-20
371,Laila Wagenknecht,marliesesuessebier@example.net,IT,2023-09-22
372,Dr. Linda Hendriks,sigurd51@example.net,NL,2020-08-17
373,Magnus Lorch,dorinaweitzel@example.com,NL,2022-04-20
374,Vesna Dörr,kambsliane@example.net,PL,2024-08-25
375,Domenico Täsche,gotthard66@example.net,FR,2024-03-22
376,Kai-Uwe Lange-Schmidtke,gumprichann-kathrin@example.net,CH,2025-01-31
377,Dr. Evangelia Sager B.Sc.,cmosemann@example.org,PL,2021-10-08
378,Nathalie Bien,lroemer@example.com,NL,2024-12-18
379,Prof. Guido Zahn MBA.,hardy21@example.org,DE,2020-11-20
380,Erik Adler,doerthe69@example.org,FR,2022-09-02
381,Armin Schmiedecke,aureliawilms@example.com,FR,2022-11-03
382,Cetin Pölitz-Hörle,adelinde16@example.net,IT,2022-02-25
383,Walther Pechel,tinothies@example.com,CH,2020-02-27
384,Adriane Pergande,rdoering@example.net,GB,2022-07-10
385,Helge Karz-Bärer,krausmarie-luise@example.org,AT,2020-04-27
386,Wulf Gumprich,iwona53@example.org,NL,2022-08-09
387,Betty Höfig,claus-peterscholtz@example.net,DE,2025-06-15
388,Rosi Gerlach,heideroseschinke@example.net,GB,2024-02-10
389,Ing. Aysel Rörricht,desireeklapp@example.net,DE,2021-06-12
390,Hanne Roskoth-Hoffmann,remo83@example.net,FR,2020-07-15
391,Gisela Schacht,bienboris@example.com,CH,2024-05-10
392,Prof. Amir Johann,antehoefig@example.org,CH,2025-12-05
393,Prof. Rosel Mangold,klemmangela@example.com,IT,2023-07-06
394,Kata Koch B.Eng.,pflantz@example.com,DE,2020-12-14
395,Lars Birnbaum,mangoldtoni@example.org,IT,2022-08-07
396,Marlen Biggen,heinida@example.org,CH,2021-12-02
397,Kasimir Otto,theodor57@example.net,GB,2021-10-28
398,Sandy Ruppert,qweiss@example.com,NL,2023-12-31
399,Prof. Zoltan Schottin MBA.,annedoreoderwald@example.org,CH,2021-05-13
400,Ida Keudel B.Sc.,patrizia34@example.net,DE,2024-02-01
401,Univ.Prof. Jozef Lange B.Sc.,salihbeier@example.org,DE,2021-01-13
402,Marc Hecker MBA.,wpohl@example.net,PL,2023-08-28
403,Rosina Kallert B.Eng.,zbaerer@example.org,NL,2023-10-19
404,Frau Marlies Ernst B.Eng.,ziegertkunigunde@example.com,BE,2024-11-01
405,Herr Ekkehart Kraushaar MBA.,heinzroskoth@example.com,AT,2021-04-05
406,Sigismund Huhn,edmunddrub@example.org,CH,2023-11-12
407,Monika Hermighausen,heusergabriele@example.org,GB,2023-08-06
408,Bogdan Bolnbach,alfonsosteckel@example.net,FR,2022-08-27
409,Josefa Gumprich-Henck,jaentschconrad@example.com,ES,2024-06-07
410,Manja Wagner B.Sc.,rudolphbogdan@example.com,NL,2021-10-27
411,Gerda Schaaf,raedelfranka@example.net,CH,2024-10-12
412,Gottlob Junitz,xbinner@example.org,BE,2024-01-15
413,Univ.Prof. Helga Kensy B.Eng.,engelbert29@example.net,GB,2024-11-03
414,Katharine Kusch,niels71@example.org,AT,2023-10-15
415,Univ.Prof. Dan Meister,hedwigweitzel@example.net,ES,2023-01-27
416,Clemens Peukert,gretedoering@example.com,PL,2023-09-04
417,Univ.Prof. Leokadia Weller,nkoch-ii@example.org,CH,2024-05-15
418,Univ.Prof. Christiana Vollbrecht MBA.,aennewalter@example.org,FR,2025-03-04
419,Claudius Nohlmans-Blümel,lina37@example.com,GB,2025-09-07
420,Ekkehart Kruschwitz,salzcamilla@example.org,BE,2022-12-05
421,Canan Ziegert-Trupp,gundolfbluemel@example.net,FR,2023-02-03
422,Gert Wähner-Hiller,nadin29@example.com,AT,2024-06-02
423,Sonia Kostolzin,irmtraud93@example.com,NL,2023-09-23
424,Antonie Scheuermann,grafdimitrios@example.net,GB,2023-04-18
425,Giorgio Rogge,anna-maria54@example.com,FR,2023-10-15
426,Hanno Dobes,dragoziegert@example.org,CH,2022-03-07
427,Ludwina Sager,rosa97@example.org,CH,2022-03-11
428,Karen Tlustek,moritz95@example.com,BE,2021-11-22
429,Lidija Löchel,gerhild44@example.org,FR,2022-03-17
430,Dorina Lorch B.Sc.,kklemm@example.com,CH,2021-11-07
431,Ing. Fanny Girschner,lbeer@example.org,IT,2021-08-22
432,Frau Juliane Losekann B.Eng.,preissreimar@example.net,CH,2021-03-05
433,Annedore Hesse,ifaust@example.net,PL,2024-01-23
434,Univ.Prof. Albin Pruschke,nasersilva@example.net,PL,2020-12-19
435,Alwin Zorbach,toni88@example.com,PL,2023-06-27
436,Imke Wähner,evangeliamargraf@example.net,AT,2023-11-15
437,Hasso Thies,strohenno@example.com,FR,2025-08-02
438,Natalija Radisch,zschoenland@example.org,FR,2023-11-21
439,Ulf Kramer,andrzej30@example.com,PL,2023-02-07
440,Dr. Pawel Zorbach MBA.,rosaritter@example.net,FR,2025-01-28
441,Igor Jacobi Jäckel,raedelkunigunda@example.org,NL,2021-11-11
442,Urszula Sorgatz,nicole24@example.org,NL,2022-12-02
443,Paulo Staude-Sorgatz,geisslereditha@example.net,PL,2024-08-21
444,Hilda Zobel,mara40@example.net,PL,2020-08-22
445,Hans-Michael Kraushaar-Radisch,beyerhartwig@example.net,AT,2025-08-15
446,Prof. Pierre Stadelmann B.A.,wolfhardhoefig@example.org,FR,2024-05-16
447,Gretel Juncken,gustav66@example.org,IT,2022-09-20
448,Dr. Ansgar Stahr B.Eng.,bruno85@example.net,ES,2025-12-03
449,Dipl.-Ing. Otto Mohaupt B.Eng.,notburga43@example.net,GB,2023-03-01
450,Tim Schweitzer,kathrinmisicher@example.com,ES,2024-03-19
451,Dr. Marietta Matthäi B.A.,hiltraud62@example.org,BE,2025-01-10
452,Siegfried Hartmann,shettner@example.org,FR,2025-02-11
453,Holger Sager,zschmidt@example.com,AT,2025-08-31
454,Ing. Albin Flantz,unette@example.org,DE,2021-03-06
455,Ing. Freddy Hesse,piaatzler@example.net,DE,2021-04-12
456,Ing. Kristina Keudel B.Eng.,nurayroehrdanz@example.net,NL,2023-03-24
457,Aleksej Dehmel,tzirme@example.com,DE,2020-03-21
458,Luzia Ullrich,tuelayullrich@example.com,ES,2021-06-18
459,Marijan Scheel MBA.,adelinedobes@example.com,FR,2023-06-18
460,Gitte Krein,fvan-der-dussen@example.org,DE,2020-08-13
461,Ingrid Ring,austermuehleelenore@example.net,IT,2020-11-15
462,Helene Blümel,helgegraf@example.org,CH,2020-09-07
463,Frau Olena Dippel B.Sc.,paertzeltivanka@example.org,IT,2021-08-27
464,Univ.Prof. Grete Staude,rahel15@example.org,IT,2022-07-04
465,Korinna Roskoth,miroslavkusch@example.com,DE,2020-04-25
466,Thomas Trüb,eva-mariegotthard@example.org,GB,2020-09-06
467,Leopoldine Köster,oreuter@example.net,PL,2024-01-06
468,Corinne Möchlichen,kreuselursel@example.net,IT,2022-08-03
469,Slavko Benthin-Hettner,ptlustek@example.org,FR,2025-05-16
470,Conny Jessel B.Eng.,pwiek@example.net,ES,2020-11-26
471,Siegfried Reichmann,pascal70@example.org,AT,2020-09-08
472,Univ.Prof. Irmtraud Jockel MBA.,uschikrein@example.net,CH,2020-09-14
473,Dipl.-Ing. Muharrem Ehlert,hildburg10@example.net,ES,2024-12-04
474,Fabian Staude-Krein,wwilms@example.org,NL,2020-07-30
475,Hans-Albert Hettner,weihmannernst-august@example.org,CH,2021-03-20
476,Hanne van der Dussen,patrick94@example.com,IT,2021-04-30
477,Frau Heidelinde Hiller B.A.,cathleenbaehr@example.com,PL,2022-10-06
478,Volker Krein,renata36@example.org,IT,2022-05-06
479,Branka Gnatz B.Sc.,eberthgeorg@example.com,FR,2025-01-31
480,Dipl.-Ing. Attila Gehringer B.A.,fritschmechtild@example.org,BE,2025-10-16
481,Carina Haering,wetzler@example.net,DE,2025-11-20
482,Univ.Prof. Hendrik Dobes B.Eng.,beatrix33@example.com,DE,2022-12-10
483,Univ.Prof. Arnd Hering,jan46@example.com,ES,2021-05-12
484,Gerdi Striebitz-Kühnert,ngnatz@example.net,FR,2024-01-19
485,Univ.Prof. Alexei Lorch B.A.,karl-hermannfreudenberger@example.com,CH,2020-05-07
486,Herr Frederik Hörle B.Sc.,oschmiedt@example.net,GB,2025-03-18
487,Ilja Siering-Müller,hfaust@example.net,AT,2021-10-26
488,Clarissa Paffrath,mhauffer@example.com,NL,2024-09-21
489,Prof. Margarethe Hermighausen B.Eng.,jan-peter69@example.org,DE,2022-03-02
490,Univ.Prof. Christl Huhn,nuray11@example.com,ES,2023-07-13
491,Irmtraud Berger MBA.,antongotthard@example.net,ES,2021-09-02
492,Ilhan Schleich,verena62@example.org,NL,2022-01-22
493,Mike Klapp,hamannwoldemar@example.com,FR,2020-07-29
494,Angelique Wulf,ottiliejacobi-jaeckel@example.com,PL,2022-11-15
495,Gudrun Rohleder B.Eng.,loecheldursun@example.net,CH,2024-06-03
496,Marlis Schäfer,phillip72@example.com,AT,2021-08-19
497,Urban Meister,rpeukert@example.com,DE,2024-08-05
498,Elwira Niemeier B.Eng.,qknappe@example.com,DE,2025-08-01
499,Univ.Prof. Carsten Kramer B.A.,valentinemisicher@example.com,CH,2022-08-14
500,Erwin Zirme-Schmiedecke,rouven42@example.org,FR,2020-11-13
